epoch,step,train/loss,train/reward,val/reward
0,19,,,3.1427700519561768
1,39,,,3.2669999599456787
2,49,0.28857049345970154,3.2763867378234863,
2,59,,,3.4415700435638428
