epoch,step,train/loss,train/reward,val/reward
0,19,,,-31.67160987854004
1,39,,,-15.734915733337402
2,49,-35.88972854614258,-16.36319351196289,
2,59,,,-13.980613708496094
