epoch,step,val/reward
0,9,-37.83399963378906
1,19,-38.11000061035156
2,29,-36.875999450683594
