epoch,step,train/loss,train/reward,val/reward
0,19,,,-10.751728057861328
1,39,,,-12.120984077453613
2,49,-138.34580993652344,-12.536246299743652,
2,59,,,-8.803146362304688
