epoch,step,train/loss,train/reward,val/reward
0,19,,,-9.3642578125
1,39,,,-4.675375938415527
2,49,-39.86882781982422,-5.285604953765869,
2,59,,,-4.195404529571533
