epoch,step,train/loss,train/reward,val/reward
0,19,,,-7.666094779968262
1,39,,,-7.14592170715332
2,49,0.07842028141021729,-7.154229640960693,
2,59,,,-6.578857421875
