epoch,step,val/reward
0,9,-38.4640007019043
1,19,-38.59600067138672
