epoch,step,train/loss,train/reward,val/reward
0,19,,,-7.598213195800781
1,39,,,-7.147063255310059
2,49,-0.41314399242401123,-7.119550704956055,
2,59,,,-6.563675880432129
