epoch,step,val/reward
0,9,-21.33799934387207
1,19,-20.950000762939453
