epoch,step,val/reward
0,9,-24.642000198364258
1,19,-24.43199920654297
2,29,-24.408000946044922
3,39,-24.06599998474121
