epoch,step,train/loss,train/reward,val/reward
0,19,,,-989.2003784179688
1,39,,,-52.302093505859375
2,49,-4571.462890625,-78.8497314453125,
2,59,,,-52.302093505859375
