epoch,step,train/loss,train/reward,val/reward
0,19,,,-8.069523811340332
1,39,,,-7.635202407836914
2,49,1.5720158815383911,-7.480809688568115,
2,59,,,-6.6935014724731445
