epoch,step,train/loss,train/reward,val/reward
0,19,,,-42.72364807128906
1,39,,,-14.662227630615234
2,49,-165.268798828125,-16.81232261657715,
2,59,,,-14.468735694885254
