epoch,step,train/loss,train/reward,val/reward
0,19,,,-8.827190399169922
1,39,,,-4.680440425872803
2,49,3.879795551300049,-4.688966751098633,
2,59,,,-3.225573778152466
