epoch,step,val/reward
0,9,-37.78200149536133
1,19,-37.948001861572266
2,29,-37.8380012512207
