epoch,step,train/loss,train/reward,val/reward
0,19,,,-9.56676197052002
1,39,,,-9.521383285522461
2,49,-29.555952072143555,-10.072671890258789,
2,59,,,-8.299600601196289
